{
  "Dungeon Crawl Classics": "Dungeon Crawl Classics",
  "DCC.AC": "CA",
  "DCC.AbbreviationCR": "CR",
  "DCC.AbbreviationConc": "Conc.",
  "DCC.AbbreviationDC": "DD",
  "DCC.AbbreviationLR": "LR",
  "DCC.AbbreviationLbs": "Livres",
  "DCC.AbbreviationLevel": "Niv.",
  "DCC.AbbreviationSR": "SR",
  "DCC.Ability": "Caractéristique",
  "DCC.AbilityAgl": "Agilite",
  "DCC.AbilityAglShort": "Agi",
  "DCC.AbilityCheck": "test d'agilité",
  "DCC.AbilityInt": "Intelligence",
  "DCC.AbilityIntShort": "Int",
  "DCC.AbilityLck": "Chance",
  "DCC.AbilityLckShort": "Cha",
  "DCC.AbilityModifier": "Mod. caract.",
  "DCC.AbilityPer": "Presence",
  "DCC.AbilityPerShort": "Pré",
  "DCC.AbilityPromptText": "quel type de test d'{ability}?",
  "DCC.AbilityPromptTitle": "Test de caractéristique en {ability}:",
  "DCC.AbilitySta": "Endurance",
  "DCC.AbilityStaShort": "End",
  "DCC.AbilityStr": "Force",
  "DCC.AbilityStrShort": "For",
  "DCC.AbilityUseChargedHint": "{type} est chargé(e) et prêt à l'emploi!",
  "DCC.AbilityUseConsumableChargeHint": "Utiliser {type} consommera une charge sur {value} restante(s).",
  "DCC.AbilityUseConsumableDestroyHint": "Utiliser {type} consommera sa chage finale et il sera détruit.",
  "DCC.AbilityUseConsumableQuantityHint": "Utiliser {type} consommera une quantité  de {quantity} restantes.",
  "DCC.AbilityUseConsume": "Utilise la capacité disponible?",
  "DCC.AbilityUseHint": "Configure la manière dont vous voulez utiliser {name} {type}.",
  "DCC.AbilityUseNormalHint": "Ce  {type} a {value} de  {max} utilisation pour {per} utilisations restantes.",
  "DCC.AbilityUseRechargedHint": "Ce {type} est épuisé et doit être rechargé!",
  "DCC.AbilityUseUnavailableHint": "Il n'y a aucune utilisation restante pour cette objet ",
  "DCC.Action": "Action",
  "DCC.ActionAbil": "Test de caractéristique",
  "DCC.ActionDice": "D. action",
  "DCC.ActionDiceMacroName": "D. action ({die})",
  "DCC.ActionDie": "D. action",
  "DCC.ActionHeal": "Soigner",
  "DCC.ActionMSAK": "Attaque de sort en mêlée",
  "DCC.ActionMWAK": "Attaque d'arme de mêlée",
  "DCC.ActionOther": "Autre",
  "DCC.ActionPl": "Actions",
  "DCC.ActionRWAK": "Attaque d'arme à distance",
  "DCC.ActionSave": "Jet de sauvegarde",
  "DCC.ActionUtil": "Utility",
  "DCC.ActorImport": "Importer acteur(s)",
  "DCC.ActorImportConfirmationMessage": "Vous importerez {number} acteurs. voulez vous continuer?",
  "DCC.ActorImportConfirmationPrompt": "Vraiment importer {number} acteurs?",
  "DCC.ActorImportStatblock": "Bloc Carac ou  ligne Carac?",
  "DCC.ActorType": "Type d'acteur",
  "DCC.ActorTypeNPC": "Ligne Carac PNJ",
  "DCC.ActorTypePlayer": "Bloc(s) Carac PJ",
  "DCC.Add": "Plus",
  "DCC.AddClassLevelToInitiative": "Ajouter le niveau de classe à l'initiative",
  "DCC.AdjacentAlignment": "Adjacent",
  "DCC.Advantage": "Avantage",
  "DCC.Alignment": "Alignement",
  "DCC.AlignmentC": "Chaotique",
  "DCC.AlignmentL": "Loyal",
  "DCC.AlignmentN": "Neutre",
  "DCC.Ammunition": "Munitions",
  "DCC.ApplyDisapprovalMacroName": "Augmentation du risque de défaveur",
  "DCC.Armor": "Armure",
  "DCC.ArmorClass": "Classe d'armure",
  "DCC.ArmorPropertiesACBonus": "Bonus CA",
  "DCC.ArmorPropertiesCheckPenalty": "Malus au jet",
  "DCC.ArmorPropertiesFumbleDie": "Maladresse",
  "DCC.ArmorPropertiesSpeed": "Deplacement",
  "DCC.AsCoins": "En pièces",
  "DCC.Attack": "Attaque",
  "DCC.AttackBonus": "Mod. attaque",
  "DCC.AttackBonusConfigMode": "Mode du bonus d'attaque",
  "DCC.AttackBonusConfigModeAutoPerAttack": "Jet par attaque",
  "DCC.AttackBonusConfigModeFlat": "Bonus fixe",
  "DCC.AttackBonusConfigModeInfo": "Controler paramètres du bonus d'attaque . Utiliser @ab pour le toucher ou les dégats comme valeur du dernier jet de haut-fait",
  "DCC.AttackBonusConfigModeManual": "Jet manuel",
  "DCC.AttackBonusRollInvalidFormulaInline": "<b>Formule d'attaque invalide '{formula}'</b>",
  "DCC.AttackPl": "Attaques",
  "DCC.AttackRoll": "Jet d'attaque avec {weapon}",
  "DCC.AttackRollDeedEmoteSegment": "Avec un jet de haut fait de {deed}",
  "DCC.AttackRollEmote": "Attaque avec {weaponName} et touche une CA {rollHTML}{deedRollHTML} pour {damageRollHTML} points de dégats!{crit}{fumble}",
  "DCC.AttackRollInvalidFormula": "Formule pour toucher invalide {formula} avec {weapon}",
  "DCC.AttackRollInvalidFormulaInline": "<b>Formule pour touche invalide '{formula}'</b>",
  "DCC.Attributes": "Attributs",
  "DCC.Attuned": "Synchronisé",
  "DCC.Avatar": "Avatar du joueur",
  "DCC.Background": "Historique",
  "DCC.Backstab": "Att. sourn.",
  "DCC.BackstabEmote": "attaque sournoise avec {weaponName} et touche une CA {rollHTML}{deedRollHTML} pour {damageRollHTML} points of de dégats!{crit}{fumble}",
  "DCC.BackstabRoll": "jet d'attaque sournoise avec {weapon}",
  "DCC.BackstabRollInvalidFormula": "Formule de dégats invalide {formula} pour une attaque sournoise avec {weapon}",
  "DCC.BadValueFormulaWarning": "Mauvaise formule dans le champs de valeur de  l'objet!",
  "DCC.BaseACAbilityConfig": "CA de base",
  "DCC.Bio": "Bio",
  "DCC.Biography": "Biographie",
  "DCC.BirthAugur": "Augure de naissance",
  "DCC.Bonus": "Bonus",
  "DCC.BonusAbilityCheck": "Bonus global pour le test de caractéristique",
  "DCC.BonusAbilitySave": "Bonus global pour le jet de sauvegarde",
  "DCC.BonusAbilitySkill": "Bonus global pour le test de Compétences",
  "DCC.BonusAction": "Bonus d'action",
  "DCC.BonusMWAttack": "Bonus d'attaque (arme de mêlée)",
  "DCC.BonusMWDamage": "Bonus aux dégats (arme de mêlée)",
  "DCC.BonusRWAttack": "Bonus d'attaque (arme de jet)",
  "DCC.BonusRWDamage": "Bonus aux dégats (arme de jet)",
  "DCC.BonusTitle": "Configure les bonus des Acteurs",
  "DCC.Bonuses": "Bonus globaux",
  "DCC.BonusesHint": "Definissez le bonus global comme une formule qui sera ajoutée à certains jets. par exemple: 1d4 + 2",
  "DCC.BonusesInstructions": "Configurez les bonus de votre personnage qui seront ajouté aux jets appropriés",
  "DCC.Cancel": "Annuler",
  "DCC.CapLevelConfig": "Limiter niveau max.",
  "DCC.CastSpellFromScroll": "Lancer le sort avec le parchemin",
  "DCC.Character": "Personnage",
  "DCC.CharacterName": "Nom du personnage",
  "DCC.CharacterPortrait": "Portrait du personnage",
  "DCC.Charged": "Chargé",
  "DCC.Charges": "Charges",
  "DCC.ChatContextDamage": "Appliquer les dégats",
  "DCC.ChatContextHealing": "Appliquer les soins",
  "DCC.ChatFlavor": "Message de contexte du Tchat",
  "DCC.Check": "Test",
  "DCC.CheckPenalty": "Malus du test",
  "DCC.ClassLevels": "Niveaux de classe",
  "DCC.ClassName": "Nom de la classe",
  "DCC.ClassSkillsChosen": "Compétences de classe choisie",
  "DCC.ClassSkillsNumber": "Nombre de Compétences de classe initiale",
  "DCC.Clear": "Vider",
  "DCC.Cleric": "Clerc",
  "DCC.ClericClassLink": "@Compendium[dcc-core-book.dcc-core-journals.YWdG6wpTrICWyrc1]{Clerc}",
  "DCC.ClericSpellLevel": "Niveau de sort de Clerc",
  "DCC.ClericSpellName": "Nom du sort de Clerc",
  "DCC.ClericSpells": "Sorts de Clerc",
  "DCC.ClimbSheerSurfaces": "Escal. parois abruptes",
  "DCC.ComponentMaterial": "Matériel",
  "DCC.ComponentSomatic": "Somatique",
  "DCC.ComponentVerbal": "Verbale",
  "DCC.ComputeACConfig": "Calculer la CA",
  "DCC.ComputeCheckPenaltyConfig": "Calculer le malus au test",
  "DCC.ComputeSpeedConfig": "Calculer déplacement",
  "DCC.ConBlinded": "Aveuglé",
  "DCC.ConCharmed": "Charmé",
  "DCC.ConDeafened": "Assourdi",
  "DCC.ConDiseased": "Malade",
  "DCC.ConExhaustion": "Épuisé",
  "DCC.ConFrightened": "Éffrayé",
  "DCC.ConGrappled": "Agrippé",
  "DCC.ConImm": "Immunité aux conditions",
  "DCC.ConIncapacitated": "Neutralisé",
  "DCC.ConInvisible": "Invisible",
  "DCC.ConParalyzed": "Paralysé",
  "DCC.ConPetrified": "Pétrifié",
  "DCC.ConPoisoned": "Empoisonné",
  "DCC.ConProne": "Au sol",
  "DCC.ConRestrained": "Entravé",
  "DCC.ConStunned": "Assommé",
  "DCC.ConUnconscious": "Inconscient",
  "DCC.Concentration": "Concentration",
  "DCC.ConfigureItem": "Config",
  "DCC.ConfigureSheet": "Config",
  "DCC.ConsumableAmmunition": "Munition",
  "DCC.ConsumableFood": "Nourriture",
  "DCC.ConsumableLastChargeWarn": "Ceci est la dernière charge de l' objet et l'utiliser réduira sa quantité de 1",
  "DCC.ConsumablePoison": "Poison",
  "DCC.ConsumablePotion": "Potion",
  "DCC.ConsumableRod": "Sceptre",
  "DCC.ConsumableScroll": "Parchemin", 
  "DCC.ConsumableTrinket": "Babioles",
  "DCC.ConsumableUnitWarn": "unités restantes",
  "DCC.ConsumableUseWarnEnd": "actuellement",
  "DCC.ConsumableUseWarnStart": "Cet objet a",
  "DCC.ConsumableWand": "Baguette",
  "DCC.ConsumableWithoutCharges": "unité disponible à utiliser",
  "DCC.ConsumeAmmunition": "Munition",
  "DCC.ConsumeAttribute": "Attributs",
  "DCC.ConsumeCharges": "Utilisation de l'objet",
  "DCC.ConsumeMaterial": "Matériel",
  "DCC.ConsumeWarningNoQuantity": "{name} est à court de  {type}!",
  "DCC.ConsumeWarningNoResource": "{name} est conçue pour consommer {type} mais aucune ressource n'est spécifiée",
  "DCC.ConsumeWarningNoSource": "La source désignée {type} que {nom} consomme n'existe plus !",
  "DCC.ConsumeWarningZeroAttribute": "{name} a épuisé sa réserve de ressources attribuées !",
  "DCC.Consumed": "Consommé",
  "DCC.Corruptions": "Corruptions",
  "DCC.CostGP": "Coût (Po)",
  "DCC.CreateMacroNoHandlerWarning": "Impossible de créer une Macro à partir de l'objet déposé!",
  "DCC.CreateMacroNotOwnedWarning": "Vous ne pouvez créer des boutons macro que pour les objets que vous possédez.",
  "DCC.CreditsButton" : "Crédits",
  "DCC.CritDie": "Type de critique",
  "DCC.CritRange": "Portée coup critique",
  "DCC.CritTable": "Table crit.",
  "DCC.Critical": "Critique",
  "DCC.CriticalHit": "Coup critique",
  "DCC.Currency": "Monnaie",
  "DCC.CurrencyCP": "Cuivre",
  "DCC.CurrencyConvert": "Convertir toute les monnaies",
  "DCC.CurrencyConvertHint": "Convertir toutes les pièces dans la dénomination la plus élevée pour réduire la somme des pièces portées.Cette action est irréversible!",
  "DCC.CurrencyEP": "Electrum",
  "DCC.CurrencyGP": "Or",
  "DCC.CurrencyPP": "Platine",
  "DCC.CurrencySP": "Argent",
  "DCC.CurrencyShortCP": "Pc.",
  "DCC.CurrencyShortEP": "Pe.",
  "DCC.CurrencyShortGP": "Po.",
  "DCC.CurrencyShortPP": "Pp.",
  "DCC.CurrencyShortSP": "Pa.",
  "DCC.DCCActorSheet": "Zero / PNJ",
  "DCC.DCCActorSheetCleric": "Clerc",
  "DCC.DCCActorSheetDwarf": "Nain",
  "DCC.DCCActorSheetElf": "Elfe",
  "DCC.DCCActorSheetGeneric": "Feuille générique",
  "DCC.DCCActorSheetHalfling": "Halfelin",
  "DCC.DCCActorSheetThief": "Voleur",
  "DCC.DCCActorSheetWarrior": "Guerrier",
  "DCC.DCCActorSheetWizard": "Mage",
  "DCC.DamImm": "Immunités aux dégats",
  "DCC.DamRes": "Résistance aux dégats",
  "DCC.DamVuln": "Vulnérabilités aux dégats",
  "DCC.Damage": "Degats",
  "DCC.DamageAcid": "Acide",
  "DCC.DamageBludgeoning": "Contondant",
  "DCC.DamageCold": "Froid",
  "DCC.DamageDie": "Dé de dégat",
  "DCC.DamageFire": "Feu",
  "DCC.DamageLightning": "Foudre",
  "DCC.DamageModifier": "Mod. dégats",
  "DCC.DamagePiercing": "Perforant",
  "DCC.DamagePoison": "Poison",
  "DCC.DamageRoll": "Jet de dégat pour {weapon}",
  "DCC.DamageRollInvalidFormula": "Formule de dégât invalide {formula} avec {weapon}",
  "DCC.DamageRollInvalidFormulaInline": "<b> Formule de dégât invalide '{formula}'</b>",
  "DCC.DamageSlashing": "Tranchant",
  "DCC.DamageSpecial": "Dégat spécial",
  "DCC.Day": "Jour",
  "DCC.DeedDie": "Dé de haut fait",
  "DCC.DeedRoll": "Jet de haut fait",
  "DCC.DeedRollTitle": "Bonus du dernier jet d'attaque (@ab)",
  "DCC.DeedRollValue": "Résultat",
  "DCC.DefaultAbilityCheck": "Test de caractéristique par défaut",
  "DCC.Deity": "Divinité",
  "DCC.DeleteItem": "Supprimer cette entrée de la feuille?",
  "DCC.DeleteItemExplain": "Ceci supprimera l'entrée de la feuille définitivement",
  "DCC.Description": "Description",
  "DCC.Details": "Détails",
  "DCC.DisableTrap": "Désamorcer pièges",
  "DCC.Disadvantage": "Désavantage",
  "DCC.DisapprovalFormulaWarning": "Formule invalide pour les jet de défaveur '{formula}'.",
  "DCC.DisapprovalGained": "Le risque de défaveur augmente à {range}",
  "DCC.DisapprovalRange": "Risque de défaveur",
  "DCC.DisapprovalRoll": "Jet de défaveur",
  "DCC.DisapprovalRollFormula": "Jet de défaveur",
  "DCC.DisapprovalTable": "Table de défaveur",
  "DCC.DisguiseSelf": "Se déguiser",
  "DCC.DistAny": "Tous",
  "DCC.DistFt": "Pieds",
  "DCC.DistMi": "Miles",
  "DCC.DistSelf": "Soi",
  "DCC.DistTouch": "Toucher",
  "DCC.DivineAid": "Aide divine",
  "DCC.Duration": "Durée",
  "DCC.Dwarf": "Nain",
  "DCC.DwarfClassLink": "@Compendium[dcc-core-book.dcc-core-journals.HI3c5IBGeIyvvUQC]{Nain}",
  "DCC.Elf": "Elfe",
  "DCC.ElfClassLink": "@Compendium[dcc-core-book.dcc-core-journals.vycwtEPfYdeQARUR]{Elfe}",
  "DCC.ElfImmunities": "immunisé au sommeil magique et à la paralysie.",
  "DCC.ElfLuckMod": "Mod. Chance pour un sort de niveau 1",
  "DCC.ElfSpells": "Sorts elfiques",
  "DCC.Equipment": "Équipement",
  "DCC.EquipmentBonus": "Bonus magique",
  "DCC.EquipmentClothing": "Vêtements",
  "DCC.EquipmentHeavy": "Armure lourde",
  "DCC.EquipmentLight": "Armure légère",
  "DCC.EquipmentMedium": "Armure intermédiaire",
  "DCC.EquipmentNatural": "Armure naturelle",
  "DCC.EquipmentShield": "Bouclier",
  "DCC.EquipmentShieldProficiency": "Boucliers",
  "DCC.Equipped": "Équipé",
  "DCC.Exhaustion": "Épuisement",
  "DCC.Experience": "Experience",
  "DCC.Expertise": "Expertise",
  "DCC.Familiar": "Familier",
  "DCC.FeatureActionRecharge": "Action Recharge",
  "DCC.FeatureActive": "Habilité active",
  "DCC.FeatureAdd": "Créer Spécificité",
  "DCC.FeatureAttack": "Spécificité d' Attaque",
  "DCC.FeaturePassive": "Habilité passive",
  "DCC.FeatureRechargeOn": "Recharge On",
  "DCC.FeatureRechargeResult": "Résultat d'1D6",
  "DCC.FeatureUsage": "Usage Spécificité",
  "DCC.Features": "Spécificté",
  "DCC.Filter": "Filtrer",
  "DCC.FindTrap": "Détection pièges",
  "DCC.FlagsSave": "Mettre à jour les talents ",
  "DCC.FlagsTitle": "Configurer les talents ",
  "DCC.FleetingLuck": "Chance passagère",
  "DCC.FleetingLuckClearButton": "Tous prendre",
  "DCC.FleetingLuckClearButtonTitle": "Retirer toute la Chance passagère à tous les utilisateurs.",
  "DCC.FleetingLuckClearMessage": "Toutes Chance passagère perdu",
  "DCC.FleetingLuckClearTitle": "Retirer toute Chance passagère a cet utilisateur",
  "DCC.FleetingLuckAllPlayers": "Tous les joueurs",
  "DCC.FleetingLuckFilterButtonTitle": "Filtrer autres utilisateurs",
  "DCC.FleetingLuckGive": "Récompenser avec de la Chance passagère",
  "DCC.FleetingLuckGiveTitle": "Donner un point de Chance passgère pour cet utilisateur.",
  "DCC.FleetingLuckGiveMessage": "{user} gagne {amount} Chance passagère.",
  "DCC.FleetingLuckResetButton": "Tout réinitialiser",
  "DCC.FleetingLuckResetButtonTitle": "Réinitialiser la Chance passagère pour une nouvelle session.",
  "DCC.FleetingLuckResetMessage": "Chance passagère réinitialisée pour tous les utilisateurs.",
  "DCC.FleetingLuckSpendButton": "Dépenser",
  "DCC.FleetingLuckSpendTitle": "Dépenser de la Chance passagère pour cet utilisateur.",
  "DCC.FleetingLuckSpendButtonTitle": "Dépenser Chance passagère.",
  "DCC.FleetingLuckSpendMessage": "{user} dépense {amount} Chance passagère",
  "DCC.FleetingLuckSpendNoLuckWarning": "{user} n'a aucune Chance passagère à dépenser.",
  "DCC.FleetingLuckTake": "Prendre de la Chance passagère",
  "DCC.FleetingLuckTakeTitle": "Prendre un point de Chance passagère de cet utilisateur.",
  "DCC.FleetingLuckTakeMessage": "{user} perd {amount} de Chance passagère.",
  "DCC.FleetingLuckTerm": "Quantité Chance passagère",
  "DCC.Folder": "Répertoire",
  "DCC.ForgeDocument": "Falsifier documents",
  "DCC.Formula": "Formule",
  "DCC.Fumble": "maladresse",
  "DCC.FumbleDie": "Maladresse",
  "DCC.Funds": "Fonds",
  "DCC.Generic": "Générique",
  "DCC.GrantedAbilities": "Capacités Octroyées",
  "DCC.HD": "DV",
  "DCC.HP": "PV",
  "DCC.Halfling": "Halfelin",
  "DCC.HalflingClassLink": "@Compendium[dcc-core-book.dcc-core-journals.ncyQ7HTHggukmeBJ]{Halfelin}",
  "DCC.HalflingTwoWeaponActionDie": "Dé d'action d16+d16",
  "DCC.HalflingTwoWeaponCrit": "Critique sur un 16 naturel",
  "DCC.HalflingTwoWeaponFumble": "Maladresse uniquement sur un double 1",
  "DCC.HalflingTwoWeaponHighAg": "Si Agilité > 16, utiliser les règles normales",
  "DCC.HandlePoison": "Utiliser poisons",
  "DCC.HealDamage": "Soigné de {damage} HP.",
  "DCC.Healing": "Soigner",
  "DCC.Health": "Santé",
  "DCC.HealthFormula": "Formule Santé",
  "DCC.HeightenedSenses": "Dét. p. secrètes",
  "DCC.HeightenedSensesDescription": "+4 pour détecter les portes secrètes (Int)",
  "DCC.HideInShadows": "Se cacher dans l'ombre",
  "DCC.HitBonus": "Bonus au toucher",
  "DCC.HitDice": "D. action",
  "DCC.HitDiceRoll": "Jet de dés d'action",
  "DCC.HitDiceUsed": "Dés d'action utilisés",
  "DCC.HitDiceWarn": "{name} ne dispose pas de  {formula} dés d'action!!",
  "DCC.HitPoints": "Points de vie",
  "DCC.Identified": "Identifié",
  "DCC.Infravision": "Infravision 60'",
  "DCC.InfravisionHalfling": "Infravision 30'",
  "DCC.InfravisionLink": "Infravision et torches",
  "DCC.InheritActionDie": "Hériter dé Action",
  "DCC.InheritCheckPenalty": "Hériter malus au jet",
  "DCC.InheritCritRange": "Hériter portée crit",
  "DCC.InheritSpellCheck": "Hériter test d'incantation",
  "DCC.InheritTooltip": "Hérite de l'Acteur. Voir Config Objet.",
  "DCC.Init": "Init",
  "DCC.Initiative": "Initiative",
  "DCC.InitiativeDie": "dé d'initiative",
  "DCC.InitiativeNoCombatWarning": "Aucun combat actif!",
  "DCC.InitiativeNoCombatantWarning": "{name} ne se trouve pas dans le combat tracker!",
  "DCC.InitiativeNoTokenWarning": "Pas de token selectionné pour le jet d'initiative!",
  "DCC.Inspiration": "Inspiration",
  "DCC.Inventory": "Inventaire",
  "DCC.IronVulnerability": "Vulnérabilité au fer",
  "DCC.ItemActionType": "Type d'action",
  "DCC.ItemActivationCondition": "Condition d'Activation",
  "DCC.ItemActivationCost": "Coût d'Activation",
  "DCC.ItemAttackBonus": "Bonus au jet d'attaque",
  "DCC.ItemConfig": "Configuration objet",
  "DCC.ItemConsumableActivation": "Activation Consommable",
  "DCC.ItemConsumableDetails": "Détails Consommable",
  "DCC.ItemConsumableStatus": "Statut Consommable",
  "DCC.ItemConsumableType": "Type Consommable",
  "DCC.ItemConsumableUsage": "Usage du Consommable",
  "DCC.ItemContainerCapacity": "Quantite",
  "DCC.ItemContainerCapacityItems": "Objets",
  "DCC.ItemContainerCapacityType": "Type quantité",
  "DCC.ItemContainerCapacityWeight": "Poids",
  "DCC.ItemContainerDetails": "Détails Contenant",
  "DCC.ItemContainerProperties": "Propriété Contenaire",
  "DCC.ItemContainerWeightless": "Contenus légers",
  "DCC.ItemCreate": "Ajouter",
  "DCC.ItemDelete": "Supprimer",
  "DCC.ItemDestroyEmpty": "Détruire si vide",
  "DCC.ItemEdit": "Modifier",
  "DCC.ItemEquipmentAction": "Action d'Equipement",
  "DCC.ItemEquipmentDetails": "Détails Equipement",
  "DCC.ItemEquipmentDexMod": "Mod. Dex. max.",
  "DCC.ItemEquipmentStatus": "Statut Equipement",
  "DCC.ItemEquipmentStealthDisav": "Applique un désavantage furtif",
  "DCC.ItemEquipmentType": "Type Equipement",
  "DCC.ItemEquipmentUsage": "Usage Equipement",
  "DCC.ItemName": "Nom",
  "DCC.ItemNew": "Nouveau {type}",
  "DCC.ItemNoUses": "{name} a aucunes utilisations disponible.",
  "DCC.ItemPropertiesEquipped": "Equipe",
  "DCC.ItemRequiredStr": "Nécessite Force",
  "DCC.ItemSummary": "Resume",
  "DCC.ItemToolProficiency": "Outils de Maîtrise",
  "DCC.ItemTypeClass": "Classe",
  "DCC.ItemTypeClassPl": "Niveaux de classe",
  "DCC.ItemTypeConsumable": "Consommable",
  "DCC.ItemTypeConsumablePl": "Consommables",
  "DCC.ItemTypeContainer": "Contenant",
  "DCC.ItemTypeContainerPl": "Contenants",
  "DCC.ItemTypeEquipment": "Équipement",
  "DCC.ItemTypeEquipmentPl": "Équipements",
  "DCC.ItemTypeLoot": "Butin",
  "DCC.ItemTypeLootPl": "Butins",
  "DCC.ItemTypeSpell": "Sort",
  "DCC.ItemTypeSpellPl": "Sorts",
  "DCC.ItemTypeTool": "Outil",
  "DCC.ItemTypeToolPl": "Outils",
  "DCC.ItemTypeWeapon": "Arme",
  "DCC.ItemTypeWeaponPl": "Armes",
  "DCC.ItemWeaponAttack": "Weapon Attack",
  "DCC.ItemWeaponDetails": "Détails Arme",
  "DCC.ItemWeaponProperties": "Propriété Arme",
  "DCC.ItemWeaponStatus": "Statut Arme",
  "DCC.ItemWeaponType": "Type Arme",
  "DCC.ItemWeaponUsage": "Usage Arme",
  "DCC.Languages": "Langues",
  "DCC.LanguagesCommon": "Commun",
  "DCC.LanguagesDraconic": "Draconique",
  "DCC.LanguagesDruidic": "Druidique",
  "DCC.LanguagesDwarvish": "Nain",
  "DCC.LanguagesElvish": "Elfe",
  "DCC.LanguagesGiant": "Géant",
  "DCC.LanguagesGnoll": "Gnoll",
  "DCC.LanguagesGnomish": "Gnome",
  "DCC.LanguagesGoblin": "Gobelin",
  "DCC.LanguagesHalfling": "Halfelin",
  "DCC.LanguagesOrc": "Orque",
  "DCC.LanguagesThievesCant": "Argot des Voleurs",
  "DCC.LayOnHands": "Imp. mains",
  "DCC.Level": "Niveau",
  "DCC.LimitedUses": "Utilisation Limité",
  "DCC.LuckDie": "Dé de chance",
  "DCC.LuckSpend": "Dépenser {luckSpend} Chance",
  "DCC.Lucky": "Chanceux",
  "DCC.LuckyWeapon": "Arme chanceuse",
  "DCC.MacroNoTokenSelected": "Pas de Token sélectionné pour la macro!",
  "DCC.Max": "Max",
  "DCC.MaxLevelConfig": "Niveau maximum",
  "DCC.MaxValue": "Maximum",
  "DCC.MeleeAttack": "Attaque<br/>Mêlée",
  "DCC.MeleeDamage": "Dégats<br/>Mêlée",
  "DCC.MeleeWeapons": "Armes de melee",
  "DCC.MercurialEffect": "Effet Mercuriel",
  "DCC.MercurialEffectSummary": "Résumé",
  "DCC.MercurialEffectValue": "Jet",
  "DCC.MercurialMagicButtonCancel": "Annuler",
  "DCC.MercurialMagicButtonLookup": "Look Up",
  "DCC.MercurialMagicButtonReroll": "Relancer",
  "DCC.MercurialMagicRerollExplain": "Laisser tomber le résultat de magie mercuriel et relancer ou choisir sur base du nombre entré?",
  "DCC.MercurialMagicRerollPrompt": "Relancer ou choisir le résultat du jet de magie mercurielle?",
  "DCC.MercurialMagicRoll": "Jet de magie mercurielle",
  "DCC.MightyDeedsHowToLink": "Guide des hauts faits",
  "DCC.MightyDeedsLink": "@Compendium[dcc-core-book.dcc-core-journals.1gcH2FKbeGbxWtIQ]{Haut fait d'armes}",
  "DCC.MightyDeedsOfArms": "Hauts faits d'arme",
  "DCC.MigrationComplete": "Migration du système DCC terminée: {systemVersion}!",
  "DCC.MigrationInfo": "Démarrage du system DCC vers la version {systemVersion}. Veuillez patienter et ne pas fermer ou éteindre votre serveur.",
  "DCC.MigrationMessage": "Migration {type} de l'entité {name}",
  "DCC.Modifier": "Modificateurs",
  "DCC.Mount": "Monture",
  "DCC.Mounts": "Montures",
  "DCC.Name": "Nom",
  "DCC.NewActorName": "Nouveau {type}",
  "DCC.No": "Non",
  "DCC.NoCharges": "Pas de Charges",
  "DCC.NoFolder": "-",
  "DCC.None": "Aucun",
  "DCC.Normal": "Normal",
  "DCC.Notes": "Notes",
  "DCC.Occupation": "Metier",
  "DCC.OpposedAlignment": "Opposé",
  "DCC.OtherFormula": "Autre formule",
  "DCC.OtherSpeeds": "Autre déplacement",
  "DCC.ParseNPCWarning" : "Échec dans la lecture du PNJ/monstre (Je m'attendais à un ou plusieurs bloc de caractéristiques en plus)",
  "DCC.ParsePlayerWarning" : "Échec dans la lecture du PJ (Je m'attendais au texte ou JSON du sorcier d'émeraude)",
  "DCC.ParseSingleNPCWarning" : "Échec dans la lecture du PNJ/monstre (Je m'attendais à un ou plusieurs bloc de statistiques en plus)",
  "DCC.ParseSinglePlayerWarning" : "Échec dans la lecture d'un ou plusieurs PJ dans le texte du sorcier d'émmeraude",
  "DCC.PasteBlock": "Coller dans un bloc de statistique pour importer",
  "DCC.Patron": "Patron",
  "DCC.Penalty": "Malus",
  "DCC.PickLock": "Crocheter serrures",
  "DCC.PickPockets": "Vol à la tire",
  "DCC.PlaceTemplate": "Place Measured Template",
  "DCC.Prepared": "Preparé",
  "DCC.Price": "Prix",
  "DCC.Proficiency": "Habileté",
  "DCC.Proficient": "Habile",
  "DCC.PurpleSorcererPCLink": "Niveau zéro du sorcier d'émeraude",
  "DCC.PurpleSorcererUpperLevelLink": "Niveaux supérieur du sorcier d'émeraude",
  "DCC.Quantity": "Quantite",
  "DCC.Race": "Race",
  "DCC.Range": "Portee",
  "DCC.RangedWeapons": "Arme de jet",
  "DCC.Rarity": "Rarete",
  "DCC.Reaction": "Réaction",
  "DCC.ReadLanguages": "Lire langues inconnues",
  "DCC.ReleaseNotesButton": "Notes de mise à jour",
  "DCC.ReleaseNotesHeader": "<p>Bienvenue dans Dungeon Crawl Classics pour Foundry VTT version {version}.</p>",
  "DCC.ReleaseNotesMessage": "<p>Nouvelles fonctionnalités dans cette version: <ul><li>Fleeting Luck</li><li>Chat Card metadata for automation modules</li></ul></p>",
  "DCC.RemoveEmptyItems": "Supprimer les objets vides",
  "DCC.RemoveEmptyItemsInfo": "Supprimer les objets avec une quantité de zéro",
  "DCC.RequiredMaterials": "Required Materials",
  "DCC.ResolveValueEmote": "Lancé pour la valeur de {itemName}:<br/>{pp} Pp. {ep} Pe. {gp} Po. {sp} Pa. {cp} Pc.",
  "DCC.Roll": "Jet",
  "DCC.RollDisapproval": "Déterminer la défaveur",
  "DCC.RollDisapprovalMacroName": "Déterminer la défaveur",
  "DCC.RollExample": "i.e. +1d4",
  "DCC.RollMode": "Mode du jet",
  "DCC.RollModifierAddBonus": "+",
  "DCC.RollModifierAddDie": "+ <i class='fas fa-dice-d20'>&nbsp;</i>",
  "DCC.RollModifierCancel": "Annuler",
  "DCC.RollModifierCheckPenaltyApply": "Appliquer",
  "DCC.RollModifierCheckPenaltyTerm": "vérifier le malus",
  "DCC.RollModifierDieTerm": "dé",
  "DCC.RollModifierDisapprovalDieTerm": "dé de défaveur",
  "DCC.RollModifierDownDiceChain": "-1D",
  "DCC.RollModifierFormula": "Formule",
  "DCC.RollModifierHitDice": "Dés de vie",
  "DCC.RollModifierLuckDieTerm": "Dé de chance",
  "DCC.RollModifierModifierTerm": "Mod.",
  "DCC.RollModifierReset": "Réinitialiser",
  "DCC.RollModifierRoll": "Lancer",
  "DCC.RollModifierSpellburnTerm": "Brulesort",
  "DCC.RollModifierSubBonus": "-",
  "DCC.RollModifierSubDie": "- <i class='fas fa-dice-d20'>&nbsp;</i>",
  "DCC.RollModifierTitle": "Mod. jet",
  "DCC.RollModifierTitleCasting": "Incante {spell}",
  "DCC.RollModifierTitleInitiative": "Initiative",
  "DCC.RollModifierUpDiceChain": "+1D",
  "DCC.RollSituationalBonus": "Bonus de situation?",
  "DCC.RollTreasureValue": "Déterminer la valeur du trésor",
  "DCC.RollUnder": "{name} (Lancer en tant que)",
  "DCC.SameAlignment": "Même",
  "DCC.Save": "sauvegarde",
  "DCC.SaveItemConfig": "Sauvegarder la configuration",
  "DCC.SaveSheetConfig": "Sauvegarder la configuration",
  "DCC.SavesFortitude": "Vigueur",
  "DCC.SavesReflex": "Reflexe",
  "DCC.SavesWill": "Volonte",
  "DCC.SenseIV": "Infravision",
  "DCC.SenseUS": "Talents souterrains",
  "DCC.Senses": "Sens",
  "DCC.SettingAutomateClericDisapproval": "Automatiser la défaveur du Clerc",
  "DCC.SettingAutomateClericDisapprovalHint": "Appliquer automatiquement l'augmentation du risque de défaveur et lancer le test de défaveur pour les Clercs. S'applique à toutes les capacités incantatoires du Clerc ainsi qu'a tous les sorts incantés en Mode 'Clerc'",
  "DCC.SettingAutomateFleetingLuck": "Automatiser la chance passagère",
  "DCC.SettingAutomateFleetingLuckHint": "Suivre automatiquement les jets basés sur la chance passagère",
  "DCC.SettingAutomateWizardSpellLoss": "Conso. auto. des sorts (Mage/Elfe)",
  "DCC.SettingAutomateWizardSpellLossHint": "Marque automatiquement les sorts comme perdus quand l'incantation échoue. S'applique aux tests d'incantation des Mages/Elfes, ainsi qu'à tous les sorts lancés en mode 'Mage'.",
  "DCC.SettingCriticalHitsCompendium": "Compendium des coups critiques",
  "DCC.SettingCriticalHitsCompendiumHint": "Compendium où chercher les tables de coups critiques - Le nom de la table doit démarrer par Crit Table XXX(XXX étant la table des critiques de l'acteur)",
  "DCC.SettingDeleteItem": "Confirmer avant suppression.",
  "DCC.SettingDeleteItemHint": "Demander une confirmation avant de supprimer équipements, sorts ou capacités spéciales d'une feuille de personnage",
  "DCC.SettingDisapprovalTablesCompendium": "Compendium des défaveurs",
  "DCC.SettingDisapprovalTablesCompendiumHint": "Compendium où chercher les défaveurs divines. La table spécifique au sort sera selectionnable depuis la feuille du Clerc.",
  "DCC.SettingDivineAidTable": "Table aides divines",
  "DCC.SettingDivineAidTableHint": "Table aléatoire à utiliser pour les effets d'une aide divine - Doit se trouver dans un compendium pack",
  "DCC.SettingEnableFleetingLuck": "Activer la chance passagère",
  "DCC.SettingEnableFleetingLuckHint": "Activer la chance passagère dans l'interface utilisateur",
  "DCC.SettingFumbleTable": "Table maladresses",
  "DCC.SettingFumbleTableHint": "Table à utiliser pour les maladresses - doit être dans un compendium pack",
  "DCC.SettingLayOnHandsTable": "Table d'imposition des mains",
  "DCC.SettingLayOnHandsTableHint": "Table à utiliser pour l'imposition des mains - doit être dans un compendium pack",
  "DCC.SettingMercurialMagicTable": "Table de la magie mercurielle",
  "DCC.SettingMercurialMagicTableHint": "Table à utiliser pour les effets de la magie mercurielle - doit être dans un compendium pack",
  "DCC.SettingShowRollModifierByDefault": "Montrer les modificateurs du jets",
  "DCC.SettingShowRollModifierByDefaultHint": "Inverse le comportement des modificateur de jets pour les appliquer par défaut sauf si le jet est CTRL-CLICKé.",
  "DCC.SettingStandardDiceRoller": "Utiliser l'affichage standard pour les jets de dés",
  "DCC.SettingStandardDiceRollerHint": "Utiliser l'affichage standard de Foundry pour les attaques, dégâts, critiques et échecs critiques au lieu de l'affichage personnalisé/propre au système",
  "DCC.SettingTurnUnholyTable": "Table pour Repousser les impies",
  "DCC.SettingTurnUnholyTableHint": "Table à utiliser pour Repousser les impie - doit être dans un compendium pack",
  "DCC.SheetConfig": "Configuration de la feuille",
  "DCC.ShieldBash": "Coup de bouclier",
  "DCC.ShowBackstabConfig": "Montrer l'attaque sournoise",
  "DCC.ShowMaxAbilitiesConfig": "Montrer caract. max.",
  "DCC.ShowMercurialEffectConfig": "Montrer effets mercurielle",
  "DCC.ShowMercurialEffectInfo": "Montrer la section de l'effet de magie mercurielle dans la feuille quelque soit le type d'incantation",
  "DCC.ShowSkillsConfig": "Montrer onglet compétences",
  "DCC.ShowSpellsConfig": "Montrer onglet sorts",
  "DCC.Size": "Taille",
  "DCC.SizeGargantuan": "Gargantuesque",
  "DCC.SizeHuge": "Gigantesque",
  "DCC.SizeLarge": "Grand",
  "DCC.SizeMedium": "Moyen",
  "DCC.SizeSmall": "Petit",
  "DCC.SizeTiny": "Minuscule",
  "DCC.Skill": "Compétences",
  "DCC.SkillAbility": "Caractéristiques",
  "DCC.SkillDie": "Dé",
  "DCC.SkillFreeform": "Champs libres",
  "DCC.SkillName": "Compétence",
  "DCC.SkillResult": "Résultat",
  "DCC.SkillShowLastResult": "Montrer dernier résultat",
  "DCC.SkillSummary": "Synthèse",
  "DCC.SkillUseAbility": "Utiliser caractéristiques",
  "DCC.SkillUseDie": "Utiliser dé",
  "DCC.SkillUseValue": "Utiliser modificateurs",
  "DCC.SkillValue": "Mod.",
  "DCC.Skills": "Compétences",
  "DCC.Slots": "Emplacement",
  "DCC.SneakAndHide": "dépl. silencieux cacher",
  "DCC.SneakSilently": "Dépl. silencieux",
  "DCC.SortInventory": "Trier l'inventaire",
  "DCC.Source": "Source",
  "DCC.Special": "Special",
  "DCC.SpecialTraits": "Traits spéciaux",
  "DCC.Speed": "Deplacement",
  "DCC.SpeedBase": "Déplacement de base",
  "DCC.SpeedPenalty": "Malus au déplacement",
  "DCC.SpeedSpecial": "Déplacement special",
  "DCC.Spell": "Sort",
  "DCC.SpellAbility": "Incanter",
  "DCC.SpellAdd": "Ajouter un sort",
  "DCC.SpellCastUpcast": "Incanter au niveau ",
  "DCC.SpellCastingHeader": "Incantation",
  "DCC.SpellCastingMode": "Mode d'incantation",
  "DCC.SpellCastingModeCleric": "Sorts de Clerc",
  "DCC.SpellCastingModeGeneric": "Génerique",
  "DCC.SpellCastingModeInfo": "Choisir entre les règles d'incantation du Mage, des Clerc ou générique",
  "DCC.SpellCastingModeWizard": "Sort de Mage",
  "DCC.SpellCastingTime": "Temps incant.",
  "DCC.SpellCheck": "Test incant.",
  "DCC.SpellCheckCardMessage" : "Lance un teste d'incantation.",
  "DCC.SpellCheckCrit" : "Critique! Bonus de niveau x2.",
  "DCC.SpellCheckFumble" : "Maladresse! utilisation du résultat 1.",
  "DCC.SpellCheckNoOwnedItemWarning": "Impossible de lancer un test d'incantation pour un sort que vous ne possedez pas.",
  "DCC.SpellCheckNonSpellWarning": "Impossible de lancer un test d'incantation sur un objet qui n'est pas un sort.",
  "DCC.SpellCreate": "Créer un sort",
  "DCC.SpellDC": "DD du sort",
  "DCC.SpellDetails": "Détail du sort",
  "DCC.SpellDuration": "Durée",
  "DCC.SpellEffects": "Effet du sort",
  "DCC.SpellLevel": "Niveau de sort",
  "DCC.SpellLevel1": "Niveau 1", 
  "DCC.SpellLevel2": "Niveau 2",
  "DCC.SpellLevel3": "Niveau 3",
  "DCC.SpellLevel4": "Niveau 4",
  "DCC.SpellLevel5": "Niveau 5",
  "DCC.SpellLevel6": "Niveau 6",
  "DCC.SpellLevelPact": "Emplacement de pacte",
  "DCC.SpellLevelShort": "Niveau",
  "DCC.SpellLost": "Perdu",
  "DCC.SpellLostMessage": "Perd le sort!",
  "DCC.SpellLostMessageFormat": "Perd {spell}!",
  "DCC.SpellMaterials": "Matériaux d'incantation",
  "DCC.SpellName": "Nom du sort",
  "DCC.SpellNone": "Aucun",
  "DCC.SpellPage": "Page",
  "DCC.SpellPrepAlways": "Toujours préparé",
  "DCC.SpellPrepPrepared": "Préparé",
  "DCC.SpellPreparationMode": "Méthode de préparation du sort",
  "DCC.SpellPrepared": "Préparé",
  "DCC.SpellProgOverride": "Override slots",
  "DCC.SpellProgression": "Progression du sort",
  "DCC.SpellRange": "Portée",
  "DCC.SpellResultCompendium": "Compendium des résultats",
  "DCC.SpellResultTable": "Table résultats",
  "DCC.SpellSave": "Sauvegarde",
  "DCC.SpellScroll": "Parchemin de sorts",
  "DCC.SpellTarget": "Cible du sort",
  "DCC.SpellUnprepared": "Non-préparé",
  "DCC.SpellUsage": "Utilisation du sort",
  "DCC.Spellbook": "Livre de sort",
  "DCC.SpellcasterLevel": "Niveau d'incantateur",
  "DCC.Spellcasting": "Incantation",
  "DCC.Spells": "Sorts",
  "DCC.StartingFunds": "Fonds initiaux",
  "DCC.SubclassName": "Nome de la sous-classe",
  "DCC.Supply": "Approvisionner",
  "DCC.TakeDamage": "Subit {damage} Points de dégats.",
  "DCC.Target": "Cible",
  "DCC.TargetAlly": "Allié",
  "DCC.TargetCone": "Cône",
  "DCC.TargetCreature": "Créature",
  "DCC.TargetCube": "Cube",
  "DCC.TargetCylinder": "Cylindre",
  "DCC.TargetEnemy": "Ennemi",
  "DCC.TargetLine": "Ligne",
  "DCC.TargetObject": "Objet",
  "DCC.TargetRadius": "Rayon",
  "DCC.TargetSelf": "Soi",
  "DCC.TargetSpace": "Espace",
  "DCC.TargetSphere": "Sphère",
  "DCC.TargetSquare": "Carré",
  "DCC.TargetWall": "Mur",
  "DCC.Temp": "Temp",
  "DCC.Thief": "Voleur",
  "DCC.ThiefClassLink": "@Compendium[dcc-core-book.dcc-core-journals.PvG0IMBvMR6fDFIZ]{Voleur}",
  "DCC.TimeDay": "jours",
  "DCC.TimeHour": "Heures",
  "DCC.TimeInst": "Instantané",
  "DCC.TimeMinute": "Minutes",
  "DCC.TimeMonth": "Mois",
  "DCC.TimePerm": "Permanent",
  "DCC.TimeRound": "Rounds",
  "DCC.TimeTurn": "Tours",
  "DCC.TimeYear": "Année",
  "DCC.Title": "Titre",
  "DCC.ToHit": "Toucher",
  "DCC.ToolThieves": "Outils de voleurs",
  "DCC.ToolVehicle": "Véhicules (Terrestre ou aquatique)",
  "DCC.TradeGoods": "Trade Goods",
  "DCC.TraitArmorProf": "Habileté martiales",
  "DCC.TraitSelectorSpecial": "Special (Séparer par un point-virgule)",
  "DCC.TraitToolProf": "Outils de compétence",
  "DCC.TraitWeaponProf": "Habileté martiales",
  "DCC.Treasure": "Trésor",
  "DCC.TurnUnholy": "Rep. impies",
  "DCC.TwoWeaponFighting": "Combat à deux armes",
  "DCC.Type": "Type",
  "DCC.UndergroundSkills": "Talents soutterains: flairer or et gemmes, trouver des constructions",
  "DCC.Unequipped": "Pas équipé",
  "DCC.Unknown" : "Inconnu",
  "DCC.Unlimited": "Illimité",
  "DCC.Untrained": "Non Qualifié",
  "DCC.Usage": "Usage",
  "DCC.Use": "Utilisation",
  "DCC.UserGuideButton": "Manuel de l'utilisateur",
  "DCC.Uses": "utilisations",
  "DCC.Versatile": "Versatile",
  "DCC.VersatileDamage": "Dégats versatils",
  "DCC.VsDC": "Contre DD ",
  "DCC.Warrior": "Guerrier",
  "DCC.WarriorClassLink": "@Compendium[dcc-core-book.dcc-core-journals.D58z5BuoH4g0cqPJ]{Guerrier}",
  "DCC.Weapon": "Arme",
  "DCC.WeaponImprov": "Improvisée",
  "DCC.WeaponNatural": "Naturelle",
  "DCC.WeaponNotFound" : "Impossible de trouver une arme avec l'id '{id}'.",
  "DCC.WeaponPropertiesBackstab": "Att. sourn.",
  "DCC.WeaponPropertiesBackstabDamage": "Degats Att. sourn.",
  "DCC.WeaponPropertiesBackstabDamageTooltip": "Pas une arme d'attaque sournoise.",
  "DCC.WeaponPropertiesCritOn": "Crit sur",
  "DCC.WeaponPropertiesDamage": "Degats",
  "DCC.WeaponPropertiesMelee": "Melee",
  "DCC.WeaponPropertiesRange": "Portee",
  "DCC.WeaponPropertiesRangeTooltip": "Non applicable pour une arme de mélée.",
  "DCC.WeaponPropertiesToHit": "toucher",
  "DCC.WeaponPropertiesTwoHanded": "Deux-mains",
  "DCC.Weight": "Poids",
  "DCC.Wizard": "Mage",
  "DCC.WizardClassLink": "@Compendium[dcc-core-book.dcc-core-journals.nkMeeK9cZDYcvluD]{Mage}",
  "DCC.WizardSpellLevel": "Niveau du sort",
  "DCC.WizardSpellName": "Nom du sort",
  "DCC.WizardSpells": "Sorts de Mage",
  "DCC.Yes": "Oui",
  "DCC.available": "Disponible",
  "DCC.description": "Un système de jeu complet pour vos partie de Dungeon Crawl Classics sur Foundry VTT.",
  "DCC.of": "de",
  "DCC.spell": "Sort",
  "DCC.title": "Dungeon Crawl Classics"
}
